{"cameraMode":{"drawMode":0,"name":"Shaded","section":"Shading Mode"},"sceneLighting":false,"audioPlay":false,"sceneViewState":{"showFog":true,"showMaterialUpdate":true,"showSkybox":false,"showFlares":true,"showImageEffects":true,"showParticleSystems":true},"in2DMode":false,"pivot":{"x":-7.678286552429199,"y":-0.07553374767303467,"z":-0.677274227142334},"rotation":{"x":-0.02937554381787777,"y":0.5360202789306641,"z":-0.018662389367818834,"w":-0.8434922695159912},"size":13.140053749084473,"orthographic":false}