{"cameraMode":{"drawMode":0,"name":"Shaded","section":"Shading Mode"},"sceneLighting":true,"audioPlay":false,"sceneViewState":{"showFog":true,"showMaterialUpdate":true,"showSkybox":true,"showFlares":true,"showImageEffects":true,"showParticleSystems":true},"in2DMode":false,"pivot":{"x":8.470273971557618,"y":-2.6002254486083986,"z":-0.8315696716308594},"rotation":{"x":0.2024504840373993,"y":0.06457605957984925,"z":-0.013381690718233586,"w":0.977075457572937},"size":31.56162452697754,"orthographic":false}